episode,perf,power,area,mean-perf,mean-power,mean-area,max-perf,max-power,max-area,min-perf,min-power,min-area
0,-0.000573,-0.847694,0.053212,-0.000573,-0.847694,0.053212,-0.000573,-0.847694,0.053212,-0.000573,-0.847694,0.053212
1,-0.000573,-0.847694,0.053212,-0.000573,-0.847694,0.053212,-0.000573,-0.847694,0.053212,-0.000573,-0.847694,0.053212
2,0.100728,-0.936471,0.049486,0.033194,-0.877286,0.05197,0.100728,-0.847694,0.053212,-0.000573,-0.936471,0.049486
3,0.168226,-1.002559,0.03092,0.066952,-0.908605,0.046708,0.168226,-0.847694,0.053212,-0.000573,-1.002559,0.03092
4,0.125865,-0.525232,0.074655,0.078734,-0.83193,0.052297,0.168226,-0.525232,0.074655,-0.000573,-1.002559,0.03092
5,0.18358,-0.699975,0.105284,0.096209,-0.809937,0.061128,0.18358,-0.525232,0.105284,-0.000573,-1.002559,0.03092
6,0.174984,-0.797794,0.065078,0.107462,-0.808203,0.061693,0.18358,-0.525232,0.105284,-0.000573,-1.002559,0.03092
7,0.065055,-0.88169,0.07159,0.102161,-0.817389,0.06293,0.18358,-0.525232,0.105284,-0.000573,-1.002559,0.03092
8,0.110141,-0.224563,-0.007109,0.103048,-0.751519,0.055148,0.18358,-0.224563,0.105284,-0.000573,-1.002559,-0.007109
9,0.095059,-0.711209,0.047935,0.102249,-0.747488,0.054426,0.18358,-0.224563,0.105284,-0.000573,-1.002559,-0.007109
10,0.17061,-0.917352,0.067634,0.119367,-0.754454,0.055869,0.18358,-0.224563,0.105284,-0.000573,-1.002559,-0.007109
11,0.147892,-0.922908,0.070481,0.134214,-0.761975,0.057595,0.18358,-0.224563,0.105284,0.065055,-1.002559,-0.007109
12,0.065073,-0.876175,0.066112,0.130648,-0.755946,0.059258,0.18358,-0.224563,0.105284,0.065055,-1.002559,-0.007109
13,0.040817,-0.931629,0.06995,0.117907,-0.748853,0.063161,0.18358,-0.224563,0.105284,0.040817,-0.931629,-0.007109
14,0.025904,-0.931629,0.07626,0.107911,-0.789492,0.063321,0.18358,-0.224563,0.105284,0.025904,-0.931629,-0.007109
15,0.082674,-0.894163,0.089858,0.097821,-0.808911,0.061779,0.174984,-0.224563,0.089858,0.025904,-0.931629,-0.007109
16,0.174984,-0.797794,0.065078,0.097821,-0.808911,0.061779,0.174984,-0.224563,0.089858,0.025904,-0.931629,-0.007109
17,0.154308,-0.922908,0.068931,0.106746,-0.813033,0.061513,0.174984,-0.224563,0.089858,0.025904,-0.931629,-0.007109
18,-0.043363,-1.106923,0.036828,0.091396,-0.901269,0.065907,0.174984,-0.711209,0.089858,-0.043363,-1.106923,0.036828
19,-0.02102,-0.872382,0.127709,0.079788,-0.917386,0.073884,0.174984,-0.797794,0.127709,-0.043363,-1.106923,0.036828
20,0.052553,-0.848585,0.017532,0.067982,-0.91051,0.068874,0.174984,-0.797794,0.127709,-0.043363,-1.106923,0.017532
21,-0.00597,-0.940658,0.079102,0.052596,-0.912285,0.069736,0.174984,-0.797794,0.127709,-0.043363,-1.106923,0.017532
22,0.011515,0.063194,-0.037338,0.04724,-0.818348,0.059391,0.174984,0.063194,0.127709,-0.043363,-1.106923,-0.037338
23,-0.036251,-0.692437,0.047935,0.039533,-0.794429,0.057189,0.174984,0.063194,0.127709,-0.043363,-1.106923,-0.037338
24,0.056159,-1.044178,0.031556,0.042559,-0.805684,0.052719,0.174984,0.063194,0.127709,-0.043363,-1.106923,-0.037338
25,0.132896,-0.922908,0.068931,0.047581,-0.808558,0.050626,0.174984,0.063194,0.127709,-0.043363,-1.106923,-0.037338
26,0.168236,-0.9321,0.079737,0.046906,-0.821989,0.052092,0.168236,0.063194,0.127709,-0.043363,-1.106923,-0.037338
27,0.043513,0.088978,0.030552,0.035827,-0.7208,0.048254,0.168236,0.088978,0.127709,-0.043363,-1.106923,-0.037338
28,0.176262,-0.807071,0.098444,0.057789,-0.690815,0.054416,0.176262,0.088978,0.127709,-0.036251,-1.044178,-0.037338
29,0.162188,-0.83526,0.038342,0.07611,-0.687103,0.045479,0.176262,0.088978,0.098444,-0.036251,-1.044178,-0.037338
30,0.086448,-0.963726,0.042312,0.0795,-0.698617,0.047957,0.176262,0.088978,0.098444,-0.036251,-1.044178,-0.037338
31,0.08909,-0.894163,0.096685,0.089006,-0.693967,0.049716,0.176262,0.088978,0.098444,-0.036251,-1.044178,-0.037338
32,0.171395,-0.764978,0.061398,0.104994,-0.776784,0.059589,0.176262,0.088978,0.098444,-0.036251,-1.044178,0.030552
33,0.061076,-0.906339,0.100973,0.114726,-0.798175,0.064893,0.176262,0.088978,0.100973,0.043513,-1.044178,0.030552
34,0.072961,-0.88169,0.0732,0.116407,-0.781926,0.069057,0.176262,0.088978,0.100973,0.043513,-0.963726,0.030552
35,0.08909,-0.894163,0.096685,0.112026,-0.779051,0.071833,0.176262,0.088978,0.100973,0.043513,-0.963726,0.030552
36,0.040817,-0.931629,0.06995,0.099284,-0.779004,0.070854,0.176262,0.088978,0.100973,0.040817,-0.963726,0.030552
37,0.048067,-0.986791,0.08339,0.099739,-0.886581,0.076138,0.176262,-0.764978,0.100973,0.040817,-0.986791,0.038342
38,0.037428,-0.919156,0.037976,0.085856,-0.89779,0.070091,0.171395,-0.764978,0.100973,0.037428,-0.986791,0.037976
39,0.052158,-0.894163,0.089858,0.074853,-0.90368,0.075243,0.171395,-0.764978,0.100973,0.037428,-0.986791,0.037976
40,0.010597,-0.00782,-0.007534,0.067268,-0.808089,0.070258,0.171395,-0.00782,0.100973,0.010597,-0.986791,-0.007534
41,-0.073878,-0.912885,0.055132,0.050971,-0.809961,0.066103,0.171395,-0.00782,0.100973,-0.073878,-0.986791,-0.007534
42,-0.039594,-0.023052,-0.019622,0.029872,-0.735769,0.058001,0.08909,-0.00782,0.100973,-0.073878,-0.986791,-0.019622
43,0.076298,-1.024069,0.025654,0.031394,-0.747542,0.050469,0.08909,-0.00782,0.096685,-0.073878,-1.024069,-0.019622
44,0.183187,-1.101337,0.006425,0.042417,-0.769506,0.043791,0.183187,-0.00782,0.096685,-0.073878,-1.101337,-0.019622
45,0.076298,-1.024069,0.025654,0.041138,-0.782497,0.036688,0.183187,-0.00782,0.089858,-0.073878,-1.101337,-0.019622
46,0.08909,-0.894163,0.096685,0.045965,-0.77875,0.039362,0.183187,-0.00782,0.096685,-0.073878,-1.101337,-0.019622
47,0.023571,0.027083,0.027136,0.043516,-0.677363,0.033737,0.183187,0.027083,0.096685,-0.073878,-1.101337,-0.019622
48,-0.033145,-0.881662,0.038379,0.036458,-0.673614,0.033777,0.183187,0.027083,0.096685,-0.073878,-1.101337,-0.019622
49,-0.007778,-0.860206,0.096685,0.030465,-0.670218,0.03446,0.183187,0.027083,0.096685,-0.073878,-1.101337,-0.019622
50,0.076363,-0.395655,-0.073035,0.037041,-0.709002,0.027909,0.183187,0.027083,0.096685,-0.073878,-1.101337,-0.073035
51,-0.010387,0.011372,-0.018651,0.04339,-0.616576,0.020531,0.183187,0.027083,0.096685,-0.039594,-1.101337,-0.073035
52,0.147012,-0.83526,0.038342,0.062051,-0.697797,0.026328,0.183187,0.027083,0.096685,-0.033145,-1.101337,-0.073035
53,0.159756,-0.867357,0.017532,0.070397,-0.682125,0.025515,0.183187,0.027083,0.096685,-0.033145,-1.101337,-0.073035
54,0.147012,-0.83526,0.038342,0.066779,-0.655518,0.028707,0.159756,0.027083,0.096685,-0.033145,-1.024069,-0.073035
55,0.040162,-0.974615,0.079102,0.063166,-0.650572,0.034052,0.159756,0.027083,0.096685,-0.033145,-0.974615,-0.073035
56,0.027227,-0.931629,0.06995,0.056979,-0.654319,0.031378,0.159756,0.027083,0.096685,-0.033145,-0.974615,-0.073035
57,-0.037088,-0.753306,0.01278,0.050913,-0.732358,0.029943,0.159756,0.011372,0.096685,-0.037088,-0.974615,-0.073035
58,-0.019876,-0.810872,0.131595,0.05224,-0.725279,0.039264,0.159756,0.011372,0.131595,-0.037088,-0.974615,-0.073035
59,0,0,0,0.053018,-0.639258,0.029596,0.159756,0.011372,0.131595,-0.037088,-0.974615,-0.073035
60,0.072961,-0.88169,0.0732,0.052678,-0.687862,0.044219,0.159756,0.011372,0.131595,-0.037088,-0.974615,-0.018651
61,0.175169,-0.895726,0.013852,0.071234,-0.778571,0.04747,0.175169,0,0.131595,-0.037088,-0.974615,0
62,0.162188,-0.83526,0.038342,0.072751,-0.778571,0.04747,0.175169,0,0.131595,-0.037088,-0.974615,0
63,0.081105,-0.941799,0.068595,0.064886,-0.786016,0.052576,0.175169,0,0.131595,-0.037088,-0.974615,0
64,0.174984,-0.797794,0.065078,0.067683,-0.782269,0.055249,0.175169,0,0.131595,-0.037088,-0.974615,0
65,0.174984,-0.797794,0.065078,0.081165,-0.764587,0.053847,0.175169,0,0.131595,-0.037088,-0.941799,0
66,-0.072868,-0.110853,0.011947,0.071156,-0.682509,0.048047,0.175169,0,0.131595,-0.072868,-0.941799,0
67,0.155918,-0.797794,0.065078,0.090456,-0.686958,0.053276,0.175169,0,0.131595,-0.072868,-0.941799,0
68,0.040162,-0.974615,0.079102,0.09646,-0.703332,0.048027,0.175169,0,0.079102,-0.072868,-0.974615,0
69,0.152329,-0.764978,0.061398,0.111693,-0.77983,0.054167,0.175169,-0.110853,0.079102,-0.072868,-0.974615,0.011947
70,0,0,0,0.104397,-0.691661,0.046847,0.175169,0,0.079102,-0.072868,-0.974615,0
71,0.155918,-0.797794,0.065078,0.102472,-0.681868,0.051969,0.174984,0,0.079102,-0.072868,-0.974615,0
72,0.152329,-0.764978,0.061398,0.101486,-0.67484,0.054275,0.174984,0,0.079102,-0.072868,-0.974615,0
73,0.155918,-0.797794,0.065078,0.108967,-0.660439,0.053923,0.174984,0,0.079102,-0.072868,-0.974615,0
74,0.152329,-0.764978,0.061398,0.106702,-0.657158,0.053555,0.174984,0,0.079102,-0.072868,-0.974615,0
75,0.155918,-0.797794,0.065078,0.104795,-0.657158,0.053555,0.155918,0,0.079102,-0.072868,-0.974615,0
76,0.152329,-0.764978,0.061398,0.127315,-0.72257,0.0585,0.155918,0,0.079102,0,-0.974615,0
77,0.076294,-0.42701,0.046284,0.119353,-0.685492,0.056621,0.155918,0,0.079102,0,-0.974615,0
78,0.155918,-0.797794,0.065078,0.130928,-0.66781,0.055219,0.155918,0,0.065078,0,-0.797794,0
79,0.131831,-0.838356,0.096101,0.128879,-0.675148,0.058689,0.155918,0,0.096101,0,-0.838356,0
80,0.175516,-0.797794,0.066628,0.14643,-0.754927,0.065352,0.175516,-0.42701,0.096101,0.076294,-0.838356,0.046284
81,0.175516,-0.797794,0.066628,0.14839,-0.754927,0.065507,0.175516,-0.42701,0.096101,0.076294,-0.838356,0.046284
82,0.155918,-0.797794,0.065078,0.148749,-0.758209,0.065875,0.175516,-0.42701,0.096101,0.076294,-0.838356,0.046284
83,0.155918,-0.797794,0.065078,0.148749,-0.758209,0.065875,0.175516,-0.42701,0.096101,0.076294,-0.838356,0.046284
84,0.155918,-0.797794,0.065078,0.149108,-0.76149,0.066243,0.175516,-0.42701,0.096101,0.076294,-0.838356,0.046284
85,0.155918,-0.797794,0.065078,0.149108,-0.76149,0.066243,0.175516,-0.42701,0.096101,0.076294,-0.838356,0.046284
86,0.103517,-0.797794,0.066628,0.144227,-0.764772,0.066766,0.175516,-0.42701,0.096101,0.076294,-0.838356,0.046284
87,-0.014719,-1.038646,0.051602,0.135125,-0.825936,0.067298,0.175516,-0.797794,0.096101,-0.014719,-1.038646,0.051602
88,0.009481,-0.001768,0.01942,0.120482,-0.746333,0.062732,0.175516,-0.001768,0.096101,-0.014719,-1.038646,0.01942
89,0.174984,-0.797794,0.065078,0.124797,-0.742277,0.05963,0.175516,-0.001768,0.066628,-0.014719,-1.038646,0.01942
90,0.176262,-0.807071,0.098444,0.124871,-0.743204,0.062811,0.176262,-0.001768,0.098444,-0.014719,-1.038646,0.01942
91,0.153244,-0.838356,0.096101,0.122644,-0.747261,0.065758,0.176262,-0.001768,0.098444,-0.014719,-1.038646,0.01942
92,0.174984,-0.797794,0.065078,0.124551,-0.747261,0.065758,0.176262,-0.001768,0.098444,-0.014719,-1.038646,0.01942
93,0.102051,-0.936471,0.047935,0.119164,-0.761128,0.064044,0.176262,-0.001768,0.098444,-0.014719,-1.038646,0.01942
94,0.156167,-0.82291,0.013852,0.119189,-0.76364,0.058922,0.176262,-0.001768,0.098444,-0.014719,-1.038646,0.013852
95,0.128243,-0.789676,0.090577,0.116421,-0.762828,0.061472,0.176262,-0.001768,0.098444,-0.014719,-1.038646,0.013852
96,0.155918,-0.797794,0.065078,0.121661,-0.762828,0.061317,0.176262,-0.001768,0.098444,-0.014719,-1.038646,0.013852
97,0.155918,-0.797794,0.065078,0.138725,-0.738743,0.062664,0.176262,-0.001768,0.098444,0.009481,-0.936471,0.013852
98,0.122973,-0.896289,0.048556,0.150074,-0.828195,0.065578,0.176262,-0.789676,0.098444,0.102051,-0.936471,0.013852
99,0.152329,-0.764978,0.061398,0.147809,-0.824913,0.06521,0.176262,-0.764978,0.098444,0.102051,-0.936471,0.013852
100,0.155918,-0.797794,0.065078,0.145774,-0.823986,0.061873,0.174984,-0.764978,0.096101,0.102051,-0.936471,0.013852
101,0.155918,-0.797794,0.065078,0.146042,-0.819929,0.058771,0.174984,-0.764978,0.090577,0.102051,-0.936471,0.013852
102,0.155918,-0.797794,0.065078,0.144135,-0.819929,0.058771,0.156167,-0.764978,0.090577,0.102051,-0.936471,0.013852
103,0.155918,-0.797794,0.065078,0.149522,-0.806062,0.060485,0.156167,-0.764978,0.090577,0.122973,-0.896289,0.013852
104,-0.002955,-0.00252,0.030376,0.13361,-0.724023,0.062137,0.155918,-0.00252,0.090577,-0.002955,-0.896289,0.030376
105,0.174984,-0.797794,0.065078,0.138284,-0.724835,0.059587,0.174984,-0.00252,0.065078,-0.002955,-0.896289,0.030376
106,0.174984,-0.797794,0.065078,0.14019,-0.724835,0.059587,0.174984,-0.00252,0.065078,-0.002955,-0.896289,0.030376
107,0.174984,-0.797794,0.065078,0.142097,-0.724835,0.059587,0.174984,-0.00252,0.065078,-0.002955,-0.896289,0.030376
108,0.174984,-0.797794,0.065078,0.147298,-0.714985,0.06124,0.174984,-0.00252,0.065078,-0.002955,-0.797794,0.030376
109,0.174984,-0.797794,0.065078,0.149564,-0.718267,0.061607,0.174984,-0.00252,0.065078,-0.002955,-0.797794,0.030376
110,0.174984,-0.797794,0.065078,0.15147,-0.718267,0.061607,0.174984,-0.00252,0.065078,-0.002955,-0.797794,0.030376
111,0.174984,-0.797794,0.065078,0.153377,-0.718267,0.061607,0.174984,-0.00252,0.065078,-0.002955,-0.797794,0.030376
112,0.155918,-0.797794,0.065078,0.153377,-0.718267,0.061607,0.174984,-0.00252,0.065078,-0.002955,-0.797794,0.030376
113,0.155918,-0.797794,0.065078,0.153377,-0.718267,0.061607,0.174984,-0.00252,0.065078,-0.002955,-0.797794,0.030376
114,0.155918,-0.797794,0.065078,0.169264,-0.797794,0.065078,0.174984,-0.797794,0.065078,0.155918,-0.797794,0.065078
115,0.155918,-0.797794,0.065078,0.167357,-0.797794,0.065078,0.174984,-0.797794,0.065078,0.155918,-0.797794,0.065078
116,0.155918,-0.797794,0.065078,0.165451,-0.797794,0.065078,0.174984,-0.797794,0.065078,0.155918,-0.797794,0.065078
117,0.155918,-0.797794,0.065078,0.163544,-0.797794,0.065078,0.174984,-0.797794,0.065078,0.155918,-0.797794,0.065078
118,0.155918,-0.797794,0.065078,0.161638,-0.797794,0.065078,0.174984,-0.797794,0.065078,0.155918,-0.797794,0.065078
119,0.155918,-0.797794,0.065078,0.159731,-0.797794,0.065078,0.174984,-0.797794,0.065078,0.155918,-0.797794,0.065078
120,0,0,0,0.142233,-0.718015,0.05857,0.174984,0,0.065078,0,-0.797794,0
121,0.049907,-0.575393,0.065078,0.129725,-0.695775,0.05857,0.155918,0,0.065078,0,-0.797794,0
122,0.049907,-0.575393,0.065078,0.119124,-0.673535,0.05857,0.155918,0,0.065078,0,-0.797794,0
123,0.049907,-0.575393,0.065078,0.108523,-0.651294,0.05857,0.155918,0,0.065078,0,-0.797794,0
124,0.049907,-0.575393,0.065078,0.097922,-0.629054,0.05857,0.155918,0,0.065078,0,-0.797794,0
125,0.049907,-0.575393,0.065078,0.087321,-0.606814,0.05857,0.155918,0,0.065078,0,-0.797794,0
126,0.049907,-0.575393,0.065078,0.076719,-0.584574,0.05857,0.155918,0,0.065078,0,-0.797794,0
127,0.049907,-0.575393,0.065078,0.066118,-0.562334,0.05857,0.155918,0,0.065078,0,-0.797794,0
128,0.049907,-0.575393,0.065078,0.055517,-0.540094,0.05857,0.155918,0,0.065078,0,-0.797794,0
129,0.070644,0.026853,0.018202,0.04699,-0.457629,0.053882,0.070644,0.026853,0.065078,0,-0.575393,0
130,0.174984,-0.797794,0.065078,0.064488,-0.537408,0.06039,0.174984,0.026853,0.065078,0.049907,-0.797794,0.018202
131,0.174984,-0.797794,0.065078,0.076996,-0.559648,0.06039,0.174984,0.026853,0.065078,0.049907,-0.797794,0.018202
132,0.174984,-0.797794,0.065078,0.089503,-0.581889,0.06039,0.174984,0.026853,0.065078,0.049907,-0.797794,0.018202
133,0.174984,-0.797794,0.065078,0.102011,-0.604129,0.06039,0.174984,0.026853,0.065078,0.049907,-0.797794,0.018202
134,0.174984,-0.797794,0.065078,0.114519,-0.626369,0.06039,0.174984,0.026853,0.065078,0.049907,-0.797794,0.018202
135,0.174984,-0.797794,0.065078,0.127027,-0.648609,0.06039,0.174984,0.026853,0.065078,0.049907,-0.797794,0.018202
136,0.174984,-0.797794,0.065078,0.139534,-0.670849,0.06039,0.174984,0.026853,0.065078,0.049907,-0.797794,0.018202
137,0.174984,-0.797794,0.065078,0.152042,-0.693089,0.06039,0.174984,0.026853,0.065078,0.049907,-0.797794,0.018202
138,0.174984,-0.797794,0.065078,0.16455,-0.71533,0.06039,0.174984,0.026853,0.065078,0.070644,-0.797794,0.018202
139,0.174984,-0.797794,0.065078,0.174984,-0.797794,0.065078,0.174984,-0.797794,0.065078,0.174984,-0.797794,0.065078
140,0.174984,-0.797794,0.065078,0.174984,-0.797794,0.065078,0.174984,-0.797794,0.065078,0.174984,-0.797794,0.065078
141,0.174984,-0.797794,0.065078,0.174984,-0.797794,0.065078,0.174984,-0.797794,0.065078,0.174984,-0.797794,0.065078
142,0.174984,-0.797794,0.065078,0.174984,-0.797794,0.065078,0.174984,-0.797794,0.065078,0.174984,-0.797794,0.065078
143,0.174984,-0.797794,0.065078,0.174984,-0.797794,0.065078,0.174984,-0.797794,0.065078,0.174984,-0.797794,0.065078
144,0.174984,-0.797794,0.065078,0.174984,-0.797794,0.065078,0.174984,-0.797794,0.065078,0.174984,-0.797794,0.065078
145,0.174984,-0.797794,0.065078,0.174984,-0.797794,0.065078,0.174984,-0.797794,0.065078,0.174984,-0.797794,0.065078
146,0.002678,0.030845,0.038816,0.157753,-0.71493,0.062451,0.174984,0.030845,0.065078,0.002678,-0.797794,0.038816
147,0.155918,-0.797794,0.065078,0.155846,-0.71493,0.062451,0.174984,0.030845,0.065078,0.002678,-0.797794,0.038816
148,0.155918,-0.797794,0.065078,0.15394,-0.71493,0.062451,0.174984,0.030845,0.065078,0.002678,-0.797794,0.038816
149,0.155918,-0.797794,0.065078,0.152033,-0.71493,0.062451,0.174984,0.030845,0.065078,0.002678,-0.797794,0.038816
150,0.155918,-0.797794,0.065078,0.150127,-0.71493,0.062451,0.174984,0.030845,0.065078,0.002678,-0.797794,0.038816
151,0.155918,-0.797794,0.065078,0.14822,-0.71493,0.062451,0.174984,0.030845,0.065078,0.002678,-0.797794,0.038816
152,0.174984,-0.797794,0.065078,0.14822,-0.71493,0.062451,0.174984,0.030845,0.065078,0.002678,-0.797794,0.038816
153,0.174984,-0.797794,0.065078,0.14822,-0.71493,0.062451,0.174984,0.030845,0.065078,0.002678,-0.797794,0.038816
154,0.174984,-0.797794,0.065078,0.14822,-0.71493,0.062451,0.174984,0.030845,0.065078,0.002678,-0.797794,0.038816
155,0,0,0,0.130722,-0.635151,0.055944,0.174984,0.030845,0.065078,0,-0.797794,0
156,0.174984,-0.797794,0.065078,0.147952,-0.718015,0.05857,0.174984,0,0.065078,0,-0.797794,0
157,0.174984,-0.797794,0.065078,0.149859,-0.718015,0.05857,0.174984,0,0.065078,0,-0.797794,0
158,0.174984,-0.797794,0.065078,0.151766,-0.718015,0.05857,0.174984,0,0.065078,0,-0.797794,0
159,0.174984,-0.797794,0.065078,0.153672,-0.718015,0.05857,0.174984,0,0.065078,0,-0.797794,0
160,0.174984,-0.797794,0.065078,0.155579,-0.718015,0.05857,0.174984,0,0.065078,0,-0.797794,0
161,0.174984,-0.797794,0.065078,0.157485,-0.718015,0.05857,0.174984,0,0.065078,0,-0.797794,0
162,0.174984,-0.797794,0.065078,0.157485,-0.718015,0.05857,0.174984,0,0.065078,0,-0.797794,0
163,0.174984,-0.797794,0.065078,0.157485,-0.718015,0.05857,0.174984,0,0.065078,0,-0.797794,0
164,0.174984,-0.797794,0.065078,0.157485,-0.718015,0.05857,0.174984,0,0.065078,0,-0.797794,0
165,0.174984,-0.797794,0.065078,0.174984,-0.797794,0.065078,0.174984,-0.797794,0.065078,0.174984,-0.797794,0.065078
166,0.174984,-0.797794,0.065078,0.174984,-0.797794,0.065078,0.174984,-0.797794,0.065078,0.174984,-0.797794,0.065078
167,0,0,0,0.157485,-0.718015,0.05857,0.174984,0,0.065078,0,-0.797794,0
168,0.174984,-0.797794,0.065078,0.157485,-0.718015,0.05857,0.174984,0,0.065078,0,-0.797794,0
169,-0.059345,-0.043582,0.01967,0.134052,-0.642594,0.054029,0.174984,0,0.065078,-0.059345,-0.797794,0
170,0.174984,-0.797794,0.065078,0.134052,-0.642594,0.054029,0.174984,0,0.065078,-0.059345,-0.797794,0
171,0.011681,0.004431,0.042797,0.117722,-0.562371,0.051801,0.174984,0.004431,0.065078,-0.059345,-0.797794,0
172,0.174984,-0.797794,0.065078,0.117722,-0.562371,0.051801,0.174984,0.004431,0.065078,-0.059345,-0.797794,0
173,0.174984,-0.797794,0.065078,0.117722,-0.562371,0.051801,0.174984,0.004431,0.065078,-0.059345,-0.797794,0
174,0.174984,-0.797794,0.065078,0.117722,-0.562371,0.051801,0.174984,0.004431,0.065078,-0.059345,-0.797794,0
175,0.174984,-0.797794,0.065078,0.117722,-0.562371,0.051801,0.174984,0.004431,0.065078,-0.059345,-0.797794,0
176,0.174984,-0.797794,0.065078,0.117722,-0.562371,0.051801,0.174984,0.004431,0.065078,-0.059345,-0.797794,0
177,0.174984,-0.797794,0.065078,0.135221,-0.642151,0.058309,0.174984,0.004431,0.065078,-0.059345,-0.797794,0.01967
178,0.174984,-0.797794,0.065078,0.135221,-0.642151,0.058309,0.174984,0.004431,0.065078,-0.059345,-0.797794,0.01967
179,0.174984,-0.797794,0.065078,0.158653,-0.717572,0.06285,0.174984,0.004431,0.065078,0.011681,-0.797794,0.042797
180,0.174984,-0.797794,0.065078,0.158653,-0.717572,0.06285,0.174984,0.004431,0.065078,0.011681,-0.797794,0.042797
181,0.174984,-0.797794,0.065078,0.174984,-0.797794,0.065078,0.174984,-0.797794,0.065078,0.174984,-0.797794,0.065078
182,0.174984,-0.797794,0.065078,0.174984,-0.797794,0.065078,0.174984,-0.797794,0.065078,0.174984,-0.797794,0.065078
183,0.174984,-0.797794,0.065078,0.174984,-0.797794,0.065078,0.174984,-0.797794,0.065078,0.174984,-0.797794,0.065078
184,0.174984,-0.797794,0.065078,0.174984,-0.797794,0.065078,0.174984,-0.797794,0.065078,0.174984,-0.797794,0.065078
185,0.174984,-0.797794,0.065078,0.174984,-0.797794,0.065078,0.174984,-0.797794,0.065078,0.174984,-0.797794,0.065078
186,0.174984,-0.797794,0.065078,0.174984,-0.797794,0.065078,0.174984,-0.797794,0.065078,0.174984,-0.797794,0.065078
187,0.174984,-0.797794,0.065078,0.174984,-0.797794,0.065078,0.174984,-0.797794,0.065078,0.174984,-0.797794,0.065078
188,0.174984,-0.797794,0.065078,0.174984,-0.797794,0.065078,0.174984,-0.797794,0.065078,0.174984,-0.797794,0.065078
189,0.174984,-0.797794,0.065078,0.174984,-0.797794,0.065078,0.174984,-0.797794,0.065078,0.174984,-0.797794,0.065078
190,0.174984,-0.797794,0.065078,0.174984,-0.797794,0.065078,0.174984,-0.797794,0.065078,0.174984,-0.797794,0.065078
191,0.174984,-0.797794,0.065078,0.174984,-0.797794,0.065078,0.174984,-0.797794,0.065078,0.174984,-0.797794,0.065078
192,0.174984,-0.797794,0.065078,0.174984,-0.797794,0.065078,0.174984,-0.797794,0.065078,0.174984,-0.797794,0.065078
193,0.174984,-0.797794,0.065078,0.174984,-0.797794,0.065078,0.174984,-0.797794,0.065078,0.174984,-0.797794,0.065078
194,0.00297,0.023638,0.03899,0.157782,-0.715651,0.062469,0.174984,0.023638,0.065078,0.00297,-0.797794,0.03899
195,0.174984,-0.797794,0.065078,0.157782,-0.715651,0.062469,0.174984,0.023638,0.065078,0.00297,-0.797794,0.03899
196,0.174984,-0.797794,0.065078,0.157782,-0.715651,0.062469,0.174984,0.023638,0.065078,0.00297,-0.797794,0.03899
197,0.174984,-0.797794,0.065078,0.157782,-0.715651,0.062469,0.174984,0.023638,0.065078,0.00297,-0.797794,0.03899
198,0.174984,-0.797794,0.065078,0.157782,-0.715651,0.062469,0.174984,0.023638,0.065078,0.00297,-0.797794,0.03899
199,0.174984,-0.797794,0.065078,0.157782,-0.715651,0.062469,0.174984,0.023638,0.065078,0.00297,-0.797794,0.03899
200,0.174984,-0.797794,0.065078,0.157782,-0.715651,0.062469,0.174984,0.023638,0.065078,0.00297,-0.797794,0.03899
201,0.174984,-0.797794,0.065078,0.157782,-0.715651,0.062469,0.174984,0.023638,0.065078,0.00297,-0.797794,0.03899
202,0.002931,0.031483,0.054381,0.140577,-0.632723,0.061399,0.174984,0.031483,0.065078,0.002931,-0.797794,0.03899
203,-0.009659,0.022038,0.024353,0.122113,-0.55074,0.057327,0.174984,0.031483,0.065078,-0.009659,-0.797794,0.024353
204,0.174984,-0.797794,0.065078,0.139314,-0.632883,0.059935,0.174984,0.031483,0.065078,-0.009659,-0.797794,0.024353
205,0.174984,-0.797794,0.065078,0.139314,-0.632883,0.059935,0.174984,0.031483,0.065078,-0.009659,-0.797794,0.024353
206,0.174984,-0.797794,0.065078,0.139314,-0.632883,0.059935,0.174984,0.031483,0.065078,-0.009659,-0.797794,0.024353
207,0.174984,-0.797794,0.065078,0.139314,-0.632883,0.059935,0.174984,0.031483,0.065078,-0.009659,-0.797794,0.024353
208,0.174984,-0.797794,0.065078,0.139314,-0.632883,0.059935,0.174984,0.031483,0.065078,-0.009659,-0.797794,0.024353
209,0.174984,-0.797794,0.065078,0.139314,-0.632883,0.059935,0.174984,0.031483,0.065078,-0.009659,-0.797794,0.024353
210,0.174984,-0.797794,0.065078,0.139314,-0.632883,0.059935,0.174984,0.031483,0.065078,-0.009659,-0.797794,0.024353
211,0.174984,-0.797794,0.065078,0.139314,-0.632883,0.059935,0.174984,0.031483,0.065078,-0.009659,-0.797794,0.024353
212,0.174984,-0.797794,0.065078,0.156519,-0.715811,0.061005,0.174984,0.022038,0.065078,-0.009659,-0.797794,0.024353
213,0.174984,-0.797794,0.065078,0.174984,-0.797794,0.065078,0.174984,-0.797794,0.065078,0.174984,-0.797794,0.065078
214,0.174984,-0.797794,0.065078,0.174984,-0.797794,0.065078,0.174984,-0.797794,0.065078,0.174984,-0.797794,0.065078
215,0.174984,-0.797794,0.065078,0.174984,-0.797794,0.065078,0.174984,-0.797794,0.065078,0.174984,-0.797794,0.065078
216,0.174984,-0.797794,0.065078,0.174984,-0.797794,0.065078,0.174984,-0.797794,0.065078,0.174984,-0.797794,0.065078
217,0.174984,-0.797794,0.065078,0.174984,-0.797794,0.065078,0.174984,-0.797794,0.065078,0.174984,-0.797794,0.065078
218,0.174984,-0.797794,0.065078,0.174984,-0.797794,0.065078,0.174984,-0.797794,0.065078,0.174984,-0.797794,0.065078
219,0.174984,-0.797794,0.065078,0.174984,-0.797794,0.065078,0.174984,-0.797794,0.065078,0.174984,-0.797794,0.065078
220,0.174984,-0.797794,0.065078,0.174984,-0.797794,0.065078,0.174984,-0.797794,0.065078,0.174984,-0.797794,0.065078
221,0.174984,-0.797794,0.065078,0.174984,-0.797794,0.065078,0.174984,-0.797794,0.065078,0.174984,-0.797794,0.065078
222,0.174984,-0.797794,0.065078,0.174984,-0.797794,0.065078,0.174984,-0.797794,0.065078,0.174984,-0.797794,0.065078
223,-0.000523,0.019248,0.03742,0.157433,-0.71609,0.062312,0.174984,0.019248,0.065078,-0.000523,-0.797794,0.03742
224,0.049907,-0.575393,0.065078,0.144925,-0.69385,0.062312,0.174984,0.019248,0.065078,-0.000523,-0.797794,0.03742
225,0.049907,-0.575393,0.065078,0.132418,-0.67161,0.062312,0.174984,0.019248,0.065078,-0.000523,-0.797794,0.03742
226,0.049907,-0.575393,0.065078,0.11991,-0.64937,0.062312,0.174984,0.019248,0.065078,-0.000523,-0.797794,0.03742
227,0.049907,-0.575393,0.065078,0.107402,-0.627129,0.062312,0.174984,0.019248,0.065078,-0.000523,-0.797794,0.03742
228,0.049907,-0.575393,0.065078,0.094894,-0.604889,0.062312,0.174984,0.019248,0.065078,-0.000523,-0.797794,0.03742
229,0.049907,-0.575393,0.065078,0.082387,-0.582649,0.062312,0.174984,0.019248,0.065078,-0.000523,-0.797794,0.03742
230,0.049907,-0.575393,0.065078,0.069879,-0.560409,0.062312,0.174984,0.019248,0.065078,-0.000523,-0.797794,0.03742
231,0.049907,-0.575393,0.065078,0.057371,-0.538169,0.062312,0.174984,0.019248,0.065078,-0.000523,-0.797794,0.03742
232,0.049907,-0.575393,0.065078,0.044864,-0.515929,0.062312,0.049907,0.019248,0.065078,-0.000523,-0.575393,0.03742
233,0.049907,-0.575393,0.065078,0.049907,-0.575393,0.065078,0.049907,-0.575393,0.065078,0.049907,-0.575393,0.065078
234,0.049907,-0.575393,0.065078,0.049907,-0.575393,0.065078,0.049907,-0.575393,0.065078,0.049907,-0.575393,0.065078
235,0.049907,-0.575393,0.065078,0.049907,-0.575393,0.065078,0.049907,-0.575393,0.065078,0.049907,-0.575393,0.065078
236,0.049907,-0.575393,0.065078,0.049907,-0.575393,0.065078,0.049907,-0.575393,0.065078,0.049907,-0.575393,0.065078
237,0.174984,-0.797794,0.065078,0.062414,-0.597633,0.065078,0.174984,-0.575393,0.065078,0.049907,-0.797794,0.065078
238,0.155918,-0.797794,0.065078,0.073015,-0.619873,0.065078,0.174984,-0.575393,0.065078,0.049907,-0.797794,0.065078
239,0.155918,-0.797794,0.065078,0.083617,-0.642113,0.065078,0.174984,-0.575393,0.065078,0.049907,-0.797794,0.065078
240,0.020647,0.038253,0.048512,0.080691,-0.580749,0.063421,0.174984,0.038253,0.065078,0.020647,-0.797794,0.048512
241,0.174984,-0.797794,0.065078,0.093198,-0.602989,0.063421,0.174984,0.038253,0.065078,0.020647,-0.797794,0.048512
242,0,0,0,0.088208,-0.545449,0.056913,0.174984,0.038253,0.065078,0,-0.797794,0
243,0.155918,-0.797794,0.065078,0.098809,-0.56769,0.056913,0.174984,0.038253,0.065078,0,-0.797794,0
244,0.155918,-0.797794,0.065078,0.10941,-0.58993,0.056913,0.174984,0.038253,0.065078,0,-0.797794,0
245,0.155918,-0.797794,0.065078,0.120011,-0.61217,0.056913,0.174984,0.038253,0.065078,0,-0.797794,0
246,0.155918,-0.797794,0.065078,0.130612,-0.63441,0.056913,0.174984,0.038253,0.065078,0,-0.797794,0
247,0.155918,-0.797794,0.065078,0.128706,-0.63441,0.056913,0.174984,0.038253,0.065078,0,-0.797794,0
248,0.155918,-0.797794,0.065078,0.128706,-0.63441,0.056913,0.174984,0.038253,0.065078,0,-0.797794,0
249,0.155918,-0.797794,0.065078,0.128706,-0.63441,0.056913,0.174984,0.038253,0.065078,0,-0.797794,0
250,0.155918,-0.797794,0.065078,0.142233,-0.718015,0.05857,0.174984,0,0.065078,0,-0.797794,0
251,0.155918,-0.797794,0.065078,0.140326,-0.718015,0.05857,0.155918,0,0.065078,0,-0.797794,0
252,0.155918,-0.797794,0.065078,0.155918,-0.797794,0.065078,0.155918,-0.797794,0.065078,0.155918,-0.797794,0.065078
253,0.155918,-0.797794,0.065078,0.155918,-0.797794,0.065078,0.155918,-0.797794,0.065078,0.155918,-0.797794,0.065078
254,0.155918,-0.797794,0.065078,0.155918,-0.797794,0.065078,0.155918,-0.797794,0.065078,0.155918,-0.797794,0.065078
255,0.155918,-0.797794,0.065078,0.155918,-0.797794,0.065078,0.155918,-0.797794,0.065078,0.155918,-0.797794,0.065078
256,0.155918,-0.797794,0.065078,0.155918,-0.797794,0.065078,0.155918,-0.797794,0.065078,0.155918,-0.797794,0.065078
257,0.155918,-0.797794,0.065078,0.155918,-0.797794,0.065078,0.155918,-0.797794,0.065078,0.155918,-0.797794,0.065078
258,0.155918,-0.797794,0.065078,0.155918,-0.797794,0.065078,0.155918,-0.797794,0.065078,0.155918,-0.797794,0.065078
259,-0.000479,0.023627,0.037042,0.140278,-0.715652,0.062274,0.155918,0.023627,0.065078,-0.000479,-0.797794,0.037042
260,0.049907,-0.575393,0.065078,0.129677,-0.693412,0.062274,0.155918,0.023627,0.065078,-0.000479,-0.797794,0.037042
261,0.049907,-0.575393,0.065078,0.119076,-0.671172,0.062274,0.155918,0.023627,0.065078,-0.000479,-0.797794,0.037042
262,0.049907,-0.575393,0.065078,0.108475,-0.648932,0.062274,0.155918,0.023627,0.065078,-0.000479,-0.797794,0.037042
263,0.049907,-0.575393,0.065078,0.097874,-0.626691,0.062274,0.155918,0.023627,0.065078,-0.000479,-0.797794,0.037042
264,0.049907,-0.575393,0.065078,0.087273,-0.604451,0.062274,0.155918,0.023627,0.065078,-0.000479,-0.797794,0.037042
265,0.049907,-0.575393,0.065078,0.076671,-0.582211,0.062274,0.155918,0.023627,0.065078,-0.000479,-0.797794,0.037042
266,0.049907,-0.575393,0.065078,0.06607,-0.559971,0.062274,0.155918,0.023627,0.065078,-0.000479,-0.797794,0.037042
267,0.049907,-0.575393,0.065078,0.055469,-0.537731,0.062274,0.155918,0.023627,0.065078,-0.000479,-0.797794,0.037042
268,0.049907,-0.575393,0.065078,0.044868,-0.515491,0.062274,0.049907,0.023627,0.065078,-0.000479,-0.575393,0.037042
269,0.049907,-0.575393,0.065078,0.049907,-0.575393,0.065078,0.049907,-0.575393,0.065078,0.049907,-0.575393,0.065078
270,0.049907,-0.575393,0.065078,0.049907,-0.575393,0.065078,0.049907,-0.575393,0.065078,0.049907,-0.575393,0.065078
271,0.049907,-0.575393,0.065078,0.049907,-0.575393,0.065078,0.049907,-0.575393,0.065078,0.049907,-0.575393,0.065078
272,0.049907,-0.575393,0.065078,0.049907,-0.575393,0.065078,0.049907,-0.575393,0.065078,0.049907,-0.575393,0.065078
273,0.049907,-0.575393,0.065078,0.049907,-0.575393,0.065078,0.049907,-0.575393,0.065078,0.049907,-0.575393,0.065078
274,0.049907,-0.575393,0.065078,0.049907,-0.575393,0.065078,0.049907,-0.575393,0.065078,0.049907,-0.575393,0.065078
275,0.049907,-0.575393,0.065078,0.049907,-0.575393,0.065078,0.049907,-0.575393,0.065078,0.049907,-0.575393,0.065078
276,0.049907,-0.575393,0.065078,0.049907,-0.575393,0.065078,0.049907,-0.575393,0.065078,0.049907,-0.575393,0.065078
277,0.174984,-0.797794,0.065078,0.062414,-0.597633,0.065078,0.174984,-0.575393,0.065078,0.049907,-0.797794,0.065078
278,0.174984,-0.797794,0.065078,0.074922,-0.619873,0.065078,0.174984,-0.575393,0.065078,0.049907,-0.797794,0.065078
279,0.174984,-0.797794,0.065078,0.08743,-0.642113,0.065078,0.174984,-0.575393,0.065078,0.049907,-0.797794,0.065078
280,0.174984,-0.797794,0.065078,0.099937,-0.664353,0.065078,0.174984,-0.575393,0.065078,0.049907,-0.797794,0.065078
281,0.174984,-0.797794,0.065078,0.112445,-0.686593,0.065078,0.174984,-0.575393,0.065078,0.049907,-0.797794,0.065078
282,-0.016093,-0.018288,0.032501,0.105845,-0.630883,0.06182,0.174984,-0.018288,0.065078,-0.016093,-0.797794,0.032501
283,0.155918,-0.797794,0.065078,0.116446,-0.653123,0.06182,0.174984,-0.018288,0.065078,-0.016093,-0.797794,0.032501
284,0.155918,-0.797794,0.065078,0.127047,-0.675363,0.06182,0.174984,-0.018288,0.065078,-0.016093,-0.797794,0.032501
285,0.155918,-0.797794,0.065078,0.137649,-0.697604,0.06182,0.174984,-0.018288,0.065078,-0.016093,-0.797794,0.032501
286,0.155918,-0.797794,0.065078,0.14825,-0.719844,0.06182,0.174984,-0.018288,0.065078,-0.016093,-0.797794,0.032501
287,0.155918,-0.797794,0.065078,0.146343,-0.719844,0.06182,0.174984,-0.018288,0.065078,-0.016093,-0.797794,0.032501
288,0.155918,-0.797794,0.065078,0.144437,-0.719844,0.06182,0.174984,-0.018288,0.065078,-0.016093,-0.797794,0.032501
289,0.155918,-0.797794,0.065078,0.14253,-0.719844,0.06182,0.174984,-0.018288,0.065078,-0.016093,-0.797794,0.032501
290,0.155918,-0.797794,0.065078,0.140624,-0.719844,0.06182,0.174984,-0.018288,0.065078,-0.016093,-0.797794,0.032501
291,0.155918,-0.797794,0.065078,0.138717,-0.719844,0.06182,0.155918,-0.018288,0.065078,-0.016093,-0.797794,0.032501
292,0.155918,-0.797794,0.065078,0.155918,-0.797794,0.065078,0.155918,-0.797794,0.065078,0.155918,-0.797794,0.065078
293,0.155918,-0.797794,0.065078,0.155918,-0.797794,0.065078,0.155918,-0.797794,0.065078,0.155918,-0.797794,0.065078
294,-0.018118,0.022884,0.036905,0.138514,-0.715726,0.06226,0.155918,0.022884,0.065078,-0.018118,-0.797794,0.036905
295,0.155918,-0.797794,0.065078,0.138514,-0.715726,0.06226,0.155918,0.022884,0.065078,-0.018118,-0.797794,0.036905
296,0.155918,-0.797794,0.065078,0.138514,-0.715726,0.06226,0.155918,0.022884,0.065078,-0.018118,-0.797794,0.036905
297,0.155918,-0.797794,0.065078,0.138514,-0.715726,0.06226,0.155918,0.022884,0.065078,-0.018118,-0.797794,0.036905
298,0.155918,-0.797794,0.065078,0.138514,-0.715726,0.06226,0.155918,0.022884,0.065078,-0.018118,-0.797794,0.036905
299,0.155918,-0.797794,0.065078,0.138514,-0.715726,0.06226,0.155918,0.022884,0.065078,-0.018118,-0.797794,0.036905
300,0.155918,-0.797794,0.065078,0.138514,-0.715726,0.06226,0.155918,0.022884,0.065078,-0.018118,-0.797794,0.036905
301,0.155918,-0.797794,0.065078,0.138514,-0.715726,0.06226,0.155918,0.022884,0.065078,-0.018118,-0.797794,0.036905
302,0.155918,-0.797794,0.065078,0.138514,-0.715726,0.06226,0.155918,0.022884,0.065078,-0.018118,-0.797794,0.036905
303,0.155918,-0.797794,0.065078,0.138514,-0.715726,0.06226,0.155918,0.022884,0.065078,-0.018118,-0.797794,0.036905
304,0.155918,-0.797794,0.065078,0.155918,-0.797794,0.065078,0.155918,-0.797794,0.065078,0.155918,-0.797794,0.065078
305,0.155918,-0.797794,0.065078,0.155918,-0.797794,0.065078,0.155918,-0.797794,0.065078,0.155918,-0.797794,0.065078
306,0.174984,-0.797794,0.065078,0.157825,-0.797794,0.065078,0.174984,-0.797794,0.065078,0.155918,-0.797794,0.065078
307,0.174984,-0.797794,0.065078,0.159731,-0.797794,0.065078,0.174984,-0.797794,0.065078,0.155918,-0.797794,0.065078
308,0.174984,-0.797794,0.065078,0.161638,-0.797794,0.065078,0.174984,-0.797794,0.065078,0.155918,-0.797794,0.065078
309,0.174984,-0.797794,0.065078,0.163544,-0.797794,0.065078,0.174984,-0.797794,0.065078,0.155918,-0.797794,0.065078
310,-0.002082,-0.00936,0.009857,0.147744,-0.718951,0.059556,0.174984,-0.00936,0.065078,-0.002082,-0.797794,0.009857
311,0.174984,-0.797794,0.065078,0.149651,-0.718951,0.059556,0.174984,-0.00936,0.065078,-0.002082,-0.797794,0.009857
312,0.174984,-0.797794,0.065078,0.151557,-0.718951,0.059556,0.174984,-0.00936,0.065078,-0.002082,-0.797794,0.009857
313,0.174984,-0.797794,0.065078,0.153464,-0.718951,0.059556,0.174984,-0.00936,0.065078,-0.002082,-0.797794,0.009857
314,0.174984,-0.797794,0.065078,0.155371,-0.718951,0.059556,0.174984,-0.00936,0.065078,-0.002082,-0.797794,0.009857
315,0.174984,-0.797794,0.065078,0.157277,-0.718951,0.059556,0.174984,-0.00936,0.065078,-0.002082,-0.797794,0.009857
316,0.174984,-0.797794,0.065078,0.157277,-0.718951,0.059556,0.174984,-0.00936,0.065078,-0.002082,-0.797794,0.009857
317,0.174984,-0.797794,0.065078,0.157277,-0.718951,0.059556,0.174984,-0.00936,0.065078,-0.002082,-0.797794,0.009857
318,0.174984,-0.797794,0.065078,0.157277,-0.718951,0.059556,0.174984,-0.00936,0.065078,-0.002082,-0.797794,0.009857
319,0.049907,-0.575393,0.065078,0.144769,-0.696711,0.059556,0.174984,-0.00936,0.065078,-0.002082,-0.797794,0.009857
320,0.049907,-0.575393,0.065078,0.149968,-0.753314,0.065078,0.174984,-0.575393,0.065078,0.049907,-0.797794,0.065078
321,0.049907,-0.575393,0.065078,0.137461,-0.731074,0.065078,0.174984,-0.575393,0.065078,0.049907,-0.797794,0.065078
322,0.049907,-0.575393,0.065078,0.124953,-0.708834,0.065078,0.174984,-0.575393,0.065078,0.049907,-0.797794,0.065078
323,0,0,0,0.107454,-0.629054,0.05857,0.174984,0,0.065078,0,-0.797794,0
324,0.155918,-0.797794,0.065078,0.105548,-0.629054,0.05857,0.174984,0,0.065078,0,-0.797794,0
325,0.155918,-0.797794,0.065078,0.103641,-0.629054,0.05857,0.174984,0,0.065078,0,-0.797794,0
326,0.155918,-0.797794,0.065078,0.101735,-0.629054,0.05857,0.174984,0,0.065078,0,-0.797794,0
327,0.155918,-0.797794,0.065078,0.099828,-0.629054,0.05857,0.174984,0,0.065078,0,-0.797794,0
328,0.155918,-0.797794,0.065078,0.097922,-0.629054,0.05857,0.155918,0,0.065078,0,-0.797794,0
329,0.155918,-0.797794,0.065078,0.108523,-0.651294,0.05857,0.155918,0,0.065078,0,-0.797794,0
330,0.155918,-0.797794,0.065078,0.119124,-0.673535,0.05857,0.155918,0,0.065078,0,-0.797794,0
331,0.002138,0.022156,0.037289,0.114347,-0.61378,0.055791,0.155918,0.022156,0.065078,0,-0.797794,0
332,0.174984,-0.797794,0.065078,0.126855,-0.63602,0.055791,0.174984,0.022156,0.065078,0,-0.797794,0
333,0.174984,-0.797794,0.065078,0.144353,-0.715799,0.062299,0.174984,0.022156,0.065078,0.002138,-0.797794,0.037289
334,0.174984,-0.797794,0.065078,0.14626,-0.715799,0.062299,0.174984,0.022156,0.065078,0.002138,-0.797794,0.037289
335,0.174984,-0.797794,0.065078,0.148166,-0.715799,0.062299,0.174984,0.022156,0.065078,0.002138,-0.797794,0.037289
336,0.174984,-0.797794,0.065078,0.150073,-0.715799,0.062299,0.174984,0.022156,0.065078,0.002138,-0.797794,0.037289
337,0.174984,-0.797794,0.065078,0.151979,-0.715799,0.062299,0.174984,0.022156,0.065078,0.002138,-0.797794,0.037289
338,0.174984,-0.797794,0.065078,0.153886,-0.715799,0.062299,0.174984,0.022156,0.065078,0.002138,-0.797794,0.037289
339,0.174984,-0.797794,0.065078,0.155793,-0.715799,0.062299,0.174984,0.022156,0.065078,0.002138,-0.797794,0.037289
340,0.174984,-0.797794,0.065078,0.157699,-0.715799,0.062299,0.174984,0.022156,0.065078,0.002138,-0.797794,0.037289
341,0.174984,-0.797794,0.065078,0.174984,-0.797794,0.065078,0.174984,-0.797794,0.065078,0.174984,-0.797794,0.065078
342,0.174984,-0.797794,0.065078,0.174984,-0.797794,0.065078,0.174984,-0.797794,0.065078,0.174984,-0.797794,0.065078
343,0.174984,-0.797794,0.065078,0.174984,-0.797794,0.065078,0.174984,-0.797794,0.065078,0.174984,-0.797794,0.065078
344,0.174984,-0.797794,0.065078,0.174984,-0.797794,0.065078,0.174984,-0.797794,0.065078,0.174984,-0.797794,0.065078
345,0.174984,-0.797794,0.065078,0.174984,-0.797794,0.065078,0.174984,-0.797794,0.065078,0.174984,-0.797794,0.065078
346,0.174984,-0.797794,0.065078,0.174984,-0.797794,0.065078,0.174984,-0.797794,0.065078,0.174984,-0.797794,0.065078
347,0.174984,-0.797794,0.065078,0.174984,-0.797794,0.065078,0.174984,-0.797794,0.065078,0.174984,-0.797794,0.065078
348,0.174984,-0.797794,0.065078,0.174984,-0.797794,0.065078,0.174984,-0.797794,0.065078,0.174984,-0.797794,0.065078
349,0.174984,-0.797794,0.065078,0.174984,-0.797794,0.065078,0.174984,-0.797794,0.065078,0.174984,-0.797794,0.065078
350,0.174984,-0.797794,0.065078,0.174984,-0.797794,0.065078,0.174984,-0.797794,0.065078,0.174984,-0.797794,0.065078
351,-0.067408,0.06603,0.008847,0.150744,-0.711412,0.059455,0.174984,0.06603,0.065078,-0.067408,-0.797794,0.008847
352,0.174984,-0.797794,0.065078,0.150744,-0.711412,0.059455,0.174984,0.06603,0.065078,-0.067408,-0.797794,0.008847
353,0.174984,-0.797794,0.065078,0.150744,-0.711412,0.059455,0.174984,0.06603,0.065078,-0.067408,-0.797794,0.008847
354,0.067832,-0.923108,0.093142,0.140029,-0.723943,0.062261,0.174984,0.06603,0.093142,-0.067408,-0.923108,0.008847
355,0.162188,-0.83526,0.038342,0.13875,-0.72769,0.059587,0.174984,0.06603,0.093142,-0.067408,-0.923108,0.008847
356,0.162188,-0.83526,0.038342,0.13747,-0.731436,0.056914,0.174984,0.06603,0.093142,-0.067408,-0.923108,0.008847
357,0.040817,-0.931629,0.06995,0.124053,-0.74482,0.057401,0.174984,0.06603,0.093142,-0.067408,-0.931629,0.008847
358,0.08909,-0.894163,0.096685,0.115464,-0.754457,0.060562,0.174984,0.06603,0.096685,-0.067408,-0.931629,0.008847
359,0.040817,-0.931629,0.06995,0.102047,-0.76784,0.061049,0.174984,0.06603,0.096685,-0.067408,-0.931629,0.008847
360,0.004419,0.0008,0.030293,0.084991,-0.687981,0.057571,0.174984,0.06603,0.096685,-0.067408,-0.931629,0.008847
361,0.162188,-0.83526,0.038342,0.107951,-0.77811,0.06052,0.174984,0.0008,0.096685,0.004419,-0.931629,0.030293
362,0.162188,-0.83526,0.038342,0.106671,-0.781856,0.057847,0.174984,0.0008,0.096685,0.004419,-0.931629,0.030293
363,0.162188,-0.83526,0.038342,0.105391,-0.785603,0.055173,0.162188,0.0008,0.096685,0.004419,-0.931629,0.030293
364,0.162188,-0.83526,0.038342,0.114827,-0.776818,0.049693,0.162188,0.0008,0.096685,0.004419,-0.931629,0.030293
365,0.162188,-0.83526,0.038342,0.114827,-0.776818,0.049693,0.162188,0.0008,0.096685,0.004419,-0.931629,0.030293
366,0.162188,-0.83526,0.038342,0.114827,-0.776818,0.049693,0.162188,0.0008,0.096685,0.004419,-0.931629,0.030293
367,0.162188,-0.83526,0.038342,0.126964,-0.767181,0.046532,0.162188,0.0008,0.096685,0.004419,-0.931629,0.030293
368,0.162188,-0.83526,0.038342,0.134274,-0.761291,0.040698,0.162188,0.0008,0.06995,0.004419,-0.931629,0.030293
369,0.162188,-0.83526,0.038342,0.146411,-0.751654,0.037537,0.162188,0.0008,0.038342,0.004419,-0.83526,0.030293
370,0.162188,-0.83526,0.038342,0.162188,-0.83526,0.038342,0.162188,-0.83526,0.038342,0.162188,-0.83526,0.038342
371,0.162188,-0.83526,0.038342,0.162188,-0.83526,0.038342,0.162188,-0.83526,0.038342,0.162188,-0.83526,0.038342
372,0.162188,-0.83526,0.038342,0.162188,-0.83526,0.038342,0.162188,-0.83526,0.038342,0.162188,-0.83526,0.038342
373,0.162188,-0.83526,0.038342,0.162188,-0.83526,0.038342,0.162188,-0.83526,0.038342,0.162188,-0.83526,0.038342
374,0.162188,-0.83526,0.038342,0.162188,-0.83526,0.038342,0.162188,-0.83526,0.038342,0.162188,-0.83526,0.038342
375,0.162188,-0.83526,0.038342,0.162188,-0.83526,0.038342,0.162188,-0.83526,0.038342,0.162188,-0.83526,0.038342
376,0.162188,-0.83526,0.038342,0.162188,-0.83526,0.038342,0.162188,-0.83526,0.038342,0.162188,-0.83526,0.038342
377,0,0,-0.015796,0.145969,-0.751734,0.032928,0.162188,0,0.038342,0,-0.83526,-0.015796
378,0.147012,-0.83526,0.038342,0.144451,-0.751734,0.032928,0.162188,0,0.038342,0,-0.83526,-0.015796
379,0.147012,-0.83526,0.038342,0.142934,-0.751734,0.032928,0.162188,0,0.038342,0,-0.83526,-0.015796
380,0.147012,-0.83526,0.038342,0.141416,-0.751734,0.032928,0.162188,0,0.038342,0,-0.83526,-0.015796
381,0.162188,-0.83526,0.038342,0.141416,-0.751734,0.032928,0.162188,0,0.038342,0,-0.83526,-0.015796
382,0.162188,-0.83526,0.038342,0.141416,-0.751734,0.032928,0.162188,0,0.038342,0,-0.83526,-0.015796
383,0.162188,-0.83526,0.038342,0.141416,-0.751734,0.032928,0.162188,0,0.038342,0,-0.83526,-0.015796
384,0.002945,0,-0.047644,0.125492,-0.668208,0.02433,0.162188,0,0.038342,0,-0.83526,-0.047644
385,0.062857,-0.099428,-0.019451,0.115559,-0.594625,0.01855,0.162188,0,0.038342,0,-0.83526,-0.047644
386,-0.002938,0,-0.036944,0.099046,-0.511099,0.011022,0.162188,0,0.038342,-0.002938,-0.83526,-0.047644
387,0.036531,-0.816488,0.038342,0.102699,-0.592747,0.016435,0.162188,0,0.038342,-0.002938,-0.83526,-0.047644
388,0.036531,-0.816488,0.038342,0.091651,-0.59087,0.016435,0.162188,0,0.038342,-0.002938,-0.83526,-0.047644
389,0.036531,-0.816488,0.038342,0.080603,-0.588993,0.016435,0.162188,0,0.038342,-0.002938,-0.83526,-0.047644
390,0.036531,-0.816488,0.038342,0.069555,-0.587116,0.016435,0.162188,0,0.038342,-0.002938,-0.83526,-0.047644
391,0.036531,-0.816488,0.038342,0.056989,-0.585239,0.016435,0.162188,0,0.038342,-0.002938,-0.83526,-0.047644
392,0.036531,-0.816488,0.038342,0.044424,-0.583361,0.016435,0.162188,0,0.038342,-0.002938,-0.83526,-0.047644
393,0.036531,-0.816488,0.038342,0.031858,-0.581484,0.016435,0.062857,0,0.038342,-0.002938,-0.816488,-0.047644
394,0.036531,-0.816488,0.038342,0.035216,-0.663133,0.025034,0.062857,0,0.038342,-0.002938,-0.816488,-0.036944
395,0.036531,-0.816488,0.038342,0.032584,-0.734839,0.030813,0.036531,0,0.038342,-0.002938,-0.816488,-0.036944
396,0.036531,-0.816488,0.038342,0.036531,-0.816488,0.038342,0.036531,-0.816488,0.038342,0.036531,-0.816488,0.038342
397,0.036531,-0.816488,0.038342,0.036531,-0.816488,0.038342,0.036531,-0.816488,0.038342,0.036531,-0.816488,0.038342
398,0.036531,-0.816488,0.038342,0.036531,-0.816488,0.038342,0.036531,-0.816488,0.038342,0.036531,-0.816488,0.038342
399,0.036531,-0.816488,0.038342,0.036531,-0.816488,0.038342,0.036531,-0.816488,0.038342,0.036531,-0.816488,0.038342
400,0.147012,-0.83526,0.038342,0.047579,-0.818365,0.038342,0.147012,-0.816488,0.038342,0.036531,-0.83526,0.038342
401,0.108616,0.050293,-0.011874,0.054787,-0.731687,0.03332,0.147012,0.050293,0.038342,0.036531,-0.83526,-0.011874
402,0.036531,-0.816488,0.038342,0.054787,-0.731687,0.03332,0.147012,0.050293,0.038342,0.036531,-0.83526,-0.011874
403,0.036531,-0.816488,0.038342,0.054787,-0.731687,0.03332,0.147012,0.050293,0.038342,0.036531,-0.83526,-0.011874
404,0.036531,-0.816488,0.038342,0.054787,-0.731687,0.03332,0.147012,0.050293,0.038342,0.036531,-0.83526,-0.011874
405,0.036531,-0.816488,0.038342,0.054787,-0.731687,0.03332,0.147012,0.050293,0.038342,0.036531,-0.83526,-0.011874
406,0.036531,-0.816488,0.038342,0.054787,-0.731687,0.03332,0.147012,0.050293,0.038342,0.036531,-0.83526,-0.011874
407,0.036531,-0.816488,0.038342,0.054787,-0.731687,0.03332,0.147012,0.050293,0.038342,0.036531,-0.83526,-0.011874
408,0.036531,-0.816488,0.038342,0.054787,-0.731687,0.03332,0.147012,0.050293,0.038342,0.036531,-0.83526,-0.011874
409,0.036531,-0.816488,0.038342,0.054787,-0.731687,0.03332,0.147012,0.050293,0.038342,0.036531,-0.83526,-0.011874
410,0.162188,-0.83526,0.038342,0.056305,-0.731687,0.03332,0.162188,0.050293,0.038342,0.036531,-0.83526,-0.011874
411,0.162188,-0.83526,0.038342,0.061662,-0.820242,0.038342,0.162188,-0.816488,0.038342,0.036531,-0.83526,0.038342
412,0.162188,-0.83526,0.038342,0.074228,-0.822119,0.038342,0.162188,-0.816488,0.038342,0.036531,-0.83526,0.038342
413,0.162188,-0.83526,0.038342,0.086794,-0.823997,0.038342,0.162188,-0.816488,0.038342,0.036531,-0.83526,0.038342
414,0.162188,-0.83526,0.038342,0.099359,-0.825874,0.038342,0.162188,-0.816488,0.038342,0.036531,-0.83526,0.038342
415,0.162188,-0.83526,0.038342,0.111925,-0.827751,0.038342,0.162188,-0.816488,0.038342,0.036531,-0.83526,0.038342
416,0.099289,0.038298,-0.021628,0.118201,-0.742272,0.032345,0.162188,0.038298,0.038342,0.036531,-0.83526,-0.021628
417,0.036531,-0.816488,0.038342,0.118201,-0.742272,0.032345,0.162188,0.038298,0.038342,0.036531,-0.83526,-0.021628
418,0.036531,-0.816488,0.038342,0.118201,-0.742272,0.032345,0.162188,0.038298,0.038342,0.036531,-0.83526,-0.021628
419,0.036531,-0.816488,0.038342,0.118201,-0.742272,0.032345,0.162188,0.038298,0.038342,0.036531,-0.83526,-0.021628
420,0.036531,-0.816488,0.038342,0.105635,-0.740395,0.032345,0.162188,0.038298,0.038342,0.036531,-0.83526,-0.021628
421,0.036531,-0.816488,0.038342,0.093069,-0.738518,0.032345,0.162188,0.038298,0.038342,0.036531,-0.83526,-0.021628
422,0.036531,-0.816488,0.038342,0.080504,-0.736641,0.032345,0.162188,0.038298,0.038342,0.036531,-0.83526,-0.021628
423,0.036531,-0.816488,0.038342,0.067938,-0.734764,0.032345,0.162188,0.038298,0.038342,0.036531,-0.83526,-0.021628
424,0.036531,-0.816488,0.038342,0.055372,-0.732886,0.032345,0.162188,0.038298,0.038342,0.036531,-0.83526,-0.021628
425,0.036531,-0.816488,0.038342,0.042806,-0.731009,0.032345,0.099289,0.038298,0.038342,0.036531,-0.816488,-0.021628
426,0,0,0,0.032878,-0.734839,0.034508,0.036531,0,0.038342,0,-0.816488,0
427,0,0,-0.015785,0.029225,-0.65319,0.029095,0.036531,0,0.038342,0,-0.816488,-0.015785
428,0.162188,-0.83526,0.038342,0.04179,-0.655067,0.029095,0.162188,0,0.038342,0,-0.83526,-0.015785
429,0.162188,-0.83526,0.038342,0.054356,-0.656945,0.029095,0.162188,0,0.038342,0,-0.83526,-0.015785
430,0.162188,-0.83526,0.038342,0.066922,-0.658822,0.029095,0.162188,0,0.038342,0,-0.83526,-0.015785
431,0.162188,-0.83526,0.038342,0.079487,-0.660699,0.029095,0.162188,0,0.038342,0,-0.83526,-0.015785
432,0.162188,-0.83526,0.038342,0.092053,-0.662576,0.029095,0.162188,0,0.038342,0,-0.83526,-0.015785
433,0.036531,-0.816488,0.038342,0.092053,-0.662576,0.029095,0.162188,0,0.038342,0,-0.83526,-0.015785
434,0.162188,-0.83526,0.038342,0.104619,-0.664453,0.029095,0.162188,0,0.038342,0,-0.83526,-0.015785
435,0.162188,-0.83526,0.038342,0.117185,-0.666331,0.029095,0.162188,0,0.038342,0,-0.83526,-0.015785
436,0.162188,-0.83526,0.038342,0.133403,-0.749857,0.032929,0.162188,0,0.038342,0,-0.83526,-0.015785
437,0.162188,-0.83526,0.038342,0.149622,-0.833383,0.038342,0.162188,-0.816488,0.038342,0.036531,-0.83526,0.038342
438,0.162188,-0.83526,0.038342,0.149622,-0.833383,0.038342,0.162188,-0.816488,0.038342,0.036531,-0.83526,0.038342
439,0,0,-0.016454,0.133403,-0.749857,0.032862,0.162188,0,0.038342,0,-0.83526,-0.016454
440,0.036531,-0.816488,0.038342,0.120838,-0.747979,0.032862,0.162188,0,0.038342,0,-0.83526,-0.016454
441,0.036531,-0.816488,0.038342,0.108272,-0.746102,0.032862,0.162188,0,0.038342,0,-0.83526,-0.016454
442,0.036531,-0.816488,0.038342,0.095706,-0.744225,0.032862,0.162188,0,0.038342,0,-0.83526,-0.016454
443,0.036531,-0.816488,0.038342,0.095706,-0.744225,0.032862,0.162188,0,0.038342,0,-0.83526,-0.016454
444,0.036531,-0.816488,0.038342,0.08314,-0.742348,0.032862,0.162188,0,0.038342,0,-0.83526,-0.016454
445,0.036531,-0.816488,0.038342,0.070575,-0.740471,0.032862,0.162188,0,0.038342,0,-0.83526,-0.016454
446,0.147012,-0.83526,0.038342,0.069057,-0.740471,0.032862,0.162188,0,0.038342,0,-0.83526,-0.016454
447,0.147012,-0.83526,0.038342,0.06754,-0.740471,0.032862,0.162188,0,0.038342,0,-0.83526,-0.016454
448,0.147012,-0.83526,0.038342,0.066022,-0.740471,0.032862,0.147012,0,0.038342,0,-0.83526,-0.016454
449,0.147012,-0.83526,0.038342,0.080723,-0.823997,0.038342,0.147012,-0.816488,0.038342,0.036531,-0.83526,0.038342
450,0.065916,0.022697,-0.013751,0.083662,-0.740078,0.033133,0.147012,0.022697,0.038342,0.036531,-0.83526,-0.013751
451,0.162188,-0.83526,0.038342,0.096228,-0.741955,0.033133,0.162188,0.022697,0.038342,0.036531,-0.83526,-0.013751
452,0.162188,-0.83526,0.038342,0.108793,-0.743833,0.033133,0.162188,0.022697,0.038342,0.036531,-0.83526,-0.013751
453,0.061985,-0.059465,-0.009976,0.111339,-0.66813,0.028301,0.162188,0.022697,0.038342,0.036531,-0.83526,-0.013751
454,0.162188,-0.83526,0.038342,0.123904,-0.670007,0.028301,0.162188,0.022697,0.038342,0.036531,-0.83526,-0.013751
455,-0.027044,0,-0.021449,0.117547,-0.588359,0.022322,0.162188,0.022697,0.038342,-0.027044,-0.83526,-0.021449
456,0.162188,-0.83526,0.038342,0.119064,-0.588359,0.022322,0.162188,0.022697,0.038342,-0.027044,-0.83526,-0.021449
457,0.162188,-0.83526,0.038342,0.120582,-0.588359,0.022322,0.162188,0.022697,0.038342,-0.027044,-0.83526,-0.021449
458,0.162188,-0.83526,0.038342,0.1221,-0.588359,0.022322,0.162188,0.022697,0.038342,-0.027044,-0.83526,-0.021449
459,0.162188,-0.83526,0.038342,0.123617,-0.588359,0.022322,0.162188,0.022697,0.038342,-0.027044,-0.83526,-0.021449
460,0.162188,-0.83526,0.038342,0.133244,-0.674154,0.027531,0.162188,0,0.038342,-0.027044,-0.83526,-0.021449
461,0.147012,-0.83526,0.038342,0.131727,-0.674154,0.027531,0.162188,0,0.038342,-0.027044,-0.83526,-0.021449
462,0.147012,-0.83526,0.038342,0.130209,-0.674154,0.027531,0.162188,0,0.038342,-0.027044,-0.83526,-0.021449
463,0.147012,-0.83526,0.038342,0.138712,-0.751734,0.032363,0.162188,0,0.038342,-0.027044,-0.83526,-0.021449
464,0.147012,-0.83526,0.038342,0.137194,-0.751734,0.032363,0.162188,0,0.038342,-0.027044,-0.83526,-0.021449
465,0.147012,-0.83526,0.038342,0.1546,-0.83526,0.038342,0.162188,-0.83526,0.038342,0.147012,-0.83526,0.038342
466,0.147012,-0.83526,0.038342,0.153082,-0.83526,0.038342,0.162188,-0.83526,0.038342,0.147012,-0.83526,0.038342
467,0.147012,-0.83526,0.038342,0.151565,-0.83526,0.038342,0.162188,-0.83526,0.038342,0.147012,-0.83526,0.038342
468,0.147012,-0.83526,0.038342,0.150047,-0.83526,0.038342,0.162188,-0.83526,0.038342,0.147012,-0.83526,0.038342
469,0.147012,-0.83526,0.038342,0.14853,-0.83526,0.038342,0.162188,-0.83526,0.038342,0.147012,-0.83526,0.038342
470,0.147012,-0.83526,0.038342,0.147012,-0.83526,0.038342,0.147012,-0.83526,0.038342,0.147012,-0.83526,0.038342
471,0.147012,-0.83526,0.038342,0.147012,-0.83526,0.038342,0.147012,-0.83526,0.038342,0.147012,-0.83526,0.038342
472,0.147012,-0.83526,0.038342,0.147012,-0.83526,0.038342,0.147012,-0.83526,0.038342,0.147012,-0.83526,0.038342
473,0.147012,-0.83526,0.038342,0.147012,-0.83526,0.038342,0.147012,-0.83526,0.038342,0.147012,-0.83526,0.038342
474,-0.017869,0.048329,0.057509,0.130524,-0.746901,0.040259,0.147012,0.048329,0.057509,-0.017869,-0.83526,0.038342
475,0.162188,-0.83526,0.038342,0.132042,-0.746901,0.040259,0.162188,0.048329,0.057509,-0.017869,-0.83526,0.038342
476,0.162188,-0.83526,0.038342,0.133559,-0.746901,0.040259,0.162188,0.048329,0.057509,-0.017869,-0.83526,0.038342
477,0.162188,-0.83526,0.038342,0.135077,-0.746901,0.040259,0.162188,0.048329,0.057509,-0.017869,-0.83526,0.038342
478,0.162188,-0.83526,0.038342,0.136594,-0.746901,0.040259,0.162188,0.048329,0.057509,-0.017869,-0.83526,0.038342
479,0.162188,-0.83526,0.038342,0.138112,-0.746901,0.040259,0.162188,0.048329,0.057509,-0.017869,-0.83526,0.038342
480,0.162188,-0.83526,0.038342,0.139629,-0.746901,0.040259,0.162188,0.048329,0.057509,-0.017869,-0.83526,0.038342